"Date","Samsung","Nokia","Unknown","Xiaomi","Micromax","Oppo","Lenovo","Mobicel","Motorola","Apple","Sony","BBK","HTC","Huawei","Realme","Vivo","Asus","Gionee","OnePlus","LG","Lava","Lyf","Spice","Google","Coolpad","Panasonic","LeEco","Reliance Digital","Tecno","Itel","RIM","Intex","Alcatel","Infinix","InFocus","Karbonn","Yu","Xolo","ZTE","Comio","Mobiistar","HP","Opp","Infinex","QMobile","Meizu","Other"
2012-07,27.65,55.52,9.51,0,1.38,0,0,0,0.08,0.77,2.46,0,0.67,0.09,0,0,0,0,0,1.37,0,0,0,0.02,0,0,0,0,0,0,0.26,0,0.07,0,0,0,0,0,0.11,0,0,0,0,0,0,0,0.05
2012-08,27.97,54.35,10,0,1.8,0,0,0,0.08,0.79,2.33,0,0.7,0.09,0,0,0,0,0,1.35,0,0,0,0.02,0,0,0,0,0,0,0.27,0,0.11,0,0,0,0,0,0.1,0,0,0,0,0,0,0,0.05
2012-09,28.45,53.65,10.26,0,1.9,0,0,0,0.08,0.8,2.17,0,0.7,0.09,0,0,0,0,0,1.3,0,0,0,0.03,0,0,0,0,0,0,0.29,0,0.13,0,0,0,0,0,0.1,0,0,0,0,0,0,0,0.05
2012-10,28.35,53.1,10.99,0,1.95,0,0,0,0.08,0.79,2.08,0,0.69,0.08,0,0,0,0,0,1.27,0,0,0,0.03,0,0,0,0,0,0,0.29,0,0.15,0,0,0,0,0,0.1,0,0,0,0,0,0,0,0.05
2012-11,27.87,52.84,11.92,0,2.03,0,0,0,0.07,0.8,1.92,0,0.7,0.08,0,0,0,0,0,1.18,0,0,0,0.03,0,0,0,0,0,0,0.28,0,0.16,0,0,0,0,0,0.09,0,0,0,0,0,0,0,0.04
2012-12,28,52.23,12.34,0,2.13,0,0,0,0.07,0.82,1.88,0,0.71,0.08,0,0,0,0,0,1.13,0,0,0,0.03,0,0,0,0,0,0,0.29,0,0.17,0,0,0,0,0,0.08,0,0,0,0,0,0,0,0.04
2013-01,26.87,52.1,13.17,0,2.33,0,0,0,0.06,1.01,1.9,0,0.76,0.08,0,0,0,0,0,1.06,0,0,0,0.04,0,0,0,0,0,0,0.31,0,0.19,0,0,0,0,0,0.08,0,0,0,0,0,0,0,0.04
2013-02,26.77,51,14.04,0,2.6,0,0.01,0,0.07,1.13,1.87,0,0.76,0.09,0,0,0,0,0,1.01,0,0,0,0.03,0,0,0,0,0,0,0.31,0,0.19,0,0,0,0,0,0.08,0,0,0,0,0,0,0,0.04
2013-03,27.09,49.82,14.65,0,2.72,0,0.03,0,0.06,1.15,1.94,0,0.78,0.09,0,0,0,0,0,1,0,0,0,0.04,0,0,0,0,0,0,0.31,0,0.21,0,0,0,0,0,0.08,0,0,0,0,0,0,0,0.04
2013-04,27.09,48.15,15.97,0,2.96,0,0.07,0,0.06,1.13,1.95,0,0.83,0.09,0,0,0,0,0,1,0,0,0,0.04,0,0,0,0,0,0,0.31,0,0.23,0,0,0,0,0,0.08,0,0,0,0,0,0,0,0.04
2013-05,27.57,48.31,14.73,0,3.49,0,0.12,0,0.06,1.12,1.94,0,0.86,0.09,0,0,0,0,0,1,0,0,0,0.05,0,0,0,0,0,0,0.3,0,0.25,0,0,0,0,0,0.07,0,0,0,0,0,0,0,0.04
2013-06,27.15,47.63,15.56,0,3.84,0,0.19,0,0.05,1.06,1.84,0,0.86,0.09,0,0,0,0,0,0.97,0,0,0,0.06,0,0,0,0,0,0,0.3,0,0.28,0,0,0,0,0,0.08,0,0,0,0,0,0,0,0.04
2013-07,26.83,46.44,16.53,0,4.36,0,0.24,0,0.05,1.1,1.74,0,0.89,0.09,0,0,0,0,0,0.94,0,0,0,0.06,0,0,0,0,0,0,0.28,0,0.31,0,0,0,0,0,0.08,0,0,0,0,0,0,0,0.04
2013-08,26.72,45.24,17.47,0,4.83,0,0.29,0,0.04,1.07,1.63,0,0.89,0.1,0,0,0,0,0,0.91,0,0,0,0.07,0,0,0,0,0,0,0.29,0,0.32,0,0,0,0,0,0.09,0,0,0,0,0,0,0,0.03
2013-09,26.86,44,18.67,0,4.9,0,0.34,0,0.04,1.02,1.56,0,0.85,0.09,0,0,0,0,0,0.88,0,0,0,0.07,0,0,0,0,0,0,0.31,0,0.3,0,0,0,0,0,0.08,0,0,0,0,0,0,0,0.03
2013-10,26.73,41.89,20.41,0,5.2,0,0.55,0,0.04,1,1.49,0,0.85,0.09,0,0,0,0,0,0.9,0,0,0,0.08,0,0,0,0,0,0,0.34,0,0.32,0,0,0,0,0,0.09,0,0,0,0,0,0,0,0.03
2013-11,27.99,40.77,18.91,0,5.88,0,0.44,0,0.04,1.01,1.44,0,0.87,0.09,0,0,0,0,0,0.88,0,0,0.8,0.09,0,0,0,0,0,0,0.34,0,0.34,0,0,0,0,0,0.08,0,0,0,0,0,0,0,0.03
2013-12,28.18,38.33,20.24,0,6.42,0,0.47,0,0.04,1.14,1.37,0,0.93,0.1,0,0,0,0,0,0.86,0,0,1.03,0.09,0,0,0,0,0,0,0.32,0,0.36,0,0,0,0,0,0.08,0,0,0,0,0,0,0,0.03
2014-01,28.84,37.09,20.22,0,6.65,0,0.48,0,0.04,1.25,1.41,0,0.95,0.1,0,0,0,0,0,0.87,0,0,1.17,0.1,0.01,0,0,0,0,0,0.35,0,0.35,0,0,0,0,0,0.08,0,0,0,0,0,0,0,0.03
2014-02,31.41,36.21,17.67,0,6.98,0,0.49,0,0.05,1.27,1.9,0,0.96,0.11,0,0,0,0,0,0.85,0,0,1.17,0.14,0.01,0,0,0,0,0,0.34,0,0.34,0,0,0,0,0,0.07,0,0,0,0,0,0,0,0.03
2014-03,31.85,34.93,17.39,0,7.6,0,0.5,0,0.12,1.2,2.42,0,0.96,0.11,0,0,0,0,0,0.81,0,0,1.18,0.15,0.01,0,0,0,0,0,0.32,0,0.34,0,0,0,0,0,0.07,0,0,0,0,0,0,0,0.03
2014-04,32.47,34.27,16.9,0,7.82,0,0.5,0,0.19,1.24,2.59,0,0.96,0.12,0,0,0,0,0,0.78,0,0,1.23,0.17,0.01,0,0,0,0,0,0.32,0,0.33,0,0,0,0,0,0.07,0,0,0,0,0,0,0,0.04
2014-05,32.2,33.64,17.33,0,8.2,0,0.53,0,0.24,1.23,2.58,0,0.96,0.13,0,0,0,0,0,0.77,0,0,1.23,0.19,0.02,0,0,0,0,0,0.32,0,0.33,0,0,0,0,0,0.06,0,0,0.01,0,0,0,0,0.05
2014-06,32.48,31.29,18.17,0,8.93,0.01,0.59,0,0.3,1.29,2.72,0,1.04,0.14,0,0,0,0,0,0.77,0,0,1.25,0.22,0.02,0,0,0,0,0,0.35,0,0.34,0,0,0,0,0,0.07,0,0,0.01,0,0,0,0,0.05
2014-07,32.56,30.3,18.13,0,9.29,0.01,0.58,0,0.58,1.27,2.84,0,1.05,0.14,0,0,0.01,0,0,0.75,0.16,0,1.25,0.22,0.02,0,0,0,0,0,0.36,0,0.33,0,0,0,0,0,0.07,0,0,0.01,0,0,0,0,0.05
2014-08,32.95,28.5,18.28,0.03,9.82,0.02,0.58,0,0.87,1.31,3,0,1.11,0.15,0,0,0.05,0,0,0.75,0.16,0,1.33,0.24,0.02,0,0,0,0,0,0.37,0,0.33,0,0,0,0,0,0.07,0,0,0.02,0,0,0,0,0.05
2014-09,32.87,28.57,17.11,0.07,10.46,0.03,0.62,0,1.05,1.27,3.13,0,1.18,0.16,0,0,0.08,0,0,0.76,0.16,0,1.38,0.25,0.02,0,0,0,0,0,0.36,0,0.33,0,0,0,0,0,0.07,0,0,0.02,0,0,0,0,0.05
2014-10,31.83,27.96,17.79,0.22,10.94,0.03,0.66,0,1.36,1.23,3.07,0,1.24,0.16,0,0,0.11,0,0,0.77,0.18,0,1.38,0.25,0.03,0,0,0,0,0,0.34,0,0.32,0,0,0,0,0,0.07,0,0,0.03,0,0,0,0,0.05
2014-11,31.6,26.14,18.57,0.38,11.44,0.05,0.68,0,1.56,1.29,3.17,0,1.32,0.19,0,0,0.17,0,0,0.76,0.19,0,1.41,0.25,0.03,0,0,0,0,0,0.34,0,0.31,0,0,0,0,0,0.06,0,0,0.03,0,0,0,0,0.06
2014-12,30.58,27.35,18.2,0.51,11.08,0.06,0.69,0,1.61,1.35,3.2,0,1.37,0.22,0,0,0.22,0,0.01,0.74,0.38,0,1.34,0.24,0.03,0,0,0,0,0,0.34,0,0.29,0,0,0,0,0,0.1,0,0,0.04,0,0,0,0,0.06
2015-01,29.9,26.86,18.11,0.65,11.21,0.08,0.73,0,1.76,1.45,3.44,0,1.53,0.27,0,0,0.3,0,0.03,0.73,0.48,0,1.26,0.32,0.03,0,0,0,0,0,0.34,0,0.28,0,0,0,0,0,0.13,0,0,0.04,0,0,0,0,0.06
2015-02,29.67,25.45,18.77,0.76,11.63,0.1,0.81,0,1.77,1.52,3.51,0,1.64,0.3,0,0,0.36,0,0.05,0.73,0.48,0,1.18,0.35,0.02,0,0,0,0,0,0.35,0,0.28,0,0,0,0,0,0.17,0,0,0.05,0,0,0,0,0.06
2015-03,29.6,23.23,19.79,0.84,12.25,0.12,0.93,0,1.86,1.55,3.6,0,1.78,0.32,0,0,0.42,0,0.07,0.74,0.5,0,1.13,0.38,0.02,0,0,0,0,0,0.33,0,0.27,0,0,0,0,0,0.15,0,0,0.05,0,0,0,0,0.06
2015-04,28.88,22.84,20.39,0.85,12.28,0.14,1.07,0,1.99,1.58,3.59,0,1.88,0.34,0,0,0.47,0,0.09,0.73,0.48,0,1.07,0.5,0.02,0,0,0,0,0,0.31,0,0.26,0,0,0,0,0,0.13,0,0,0.05,0,0,0,0,0.06
2015-05,28.5,22.32,20.71,0.87,12.55,0.14,1.26,0,2.06,1.58,3.54,0.01,1.98,0.36,0,0,0.49,0,0.1,0.71,0.45,0,1.01,0.55,0.02,0,0,0,0,0,0.29,0,0.24,0,0.01,0,0,0,0.12,0,0,0.06,0,0,0,0,0.05
2015-06,27.96,21.37,21.57,0.87,12.87,0.14,1.46,0,2.08,1.62,3.49,0.03,2.02,0.37,0,0,0.5,0,0.11,0.7,0.42,0,0.99,0.6,0.02,0,0,0,0,0,0.29,0,0.23,0,0.02,0,0,0,0.14,0,0,0.06,0,0,0,0,0.05
2015-07,27.06,20.86,21.71,0.92,12.76,0.14,1.73,0,2.08,1.74,3.36,0.05,2.03,0.38,0,0,0.48,0,0.12,0.68,0.38,0,0.94,1.75,0.04,0,0,0,0,0,0.29,0,0.21,0,0.02,0,0,0,0.15,0,0,0.06,0,0,0,0,0.05
2015-08,27.37,19.16,22.43,1.01,12.98,0.15,2.09,0,2.14,1.71,3.27,0.07,2.08,0.42,0,0,0.54,0,0.12,0.68,0.36,0,0.9,1.75,0.05,0,0,0,0,0,0.27,0,0.2,0,0.02,0,0,0,0.14,0,0,0.06,0,0,0,0,0.05
2015-09,27.3,18.31,22.98,1.06,13.14,0.15,2.41,0,2.23,1.54,3.15,0.09,2.12,0.42,0,0,0.57,0.03,0.12,0.66,0.34,0,0.87,1.78,0.07,0,0,0,0,0,0.25,0,0.19,0,0.02,0,0,0,0.11,0,0,0.06,0,0,0,0.01,0.05
2015-10,26.04,18.58,23.71,1.09,13.14,0.14,2.6,0,2.31,1.47,3.04,0.1,2.13,0.43,0,0,0.56,0.09,0.12,0.63,0.32,0,0.84,1.92,0.08,0,0,0,0,0,0.24,0,0.16,0,0.02,0,0,0,0.11,0,0,0.05,0,0,0,0.01,0.05
2015-11,24.84,18.97,24.51,1.14,12.81,0.14,2.82,0,2.35,1.66,2.85,0.11,2.12,0.42,0,0,0.55,0.13,0.13,0.61,0.28,0,0.81,2.08,0.08,0,0,0,0,0,0.23,0,0.15,0,0.02,0,0,0,0.1,0,0,0.05,0,0,0,0.01,0.05
2015-12,24.49,18.08,25.86,1.2,12.88,0.14,3.12,0,2.42,1.81,2.81,0.14,2.2,0.43,0,0,0.56,0.17,0.13,0.6,0.27,0,0.75,1.27,0.08,0,0,0,0,0,0.23,0,0.14,0,0.02,0,0,0,0.1,0,0,0.05,0,0,0,0.02,0.05
2016-01,24.06,17.35,26.84,1.27,12.78,0.15,3.4,0,2.52,1.9,2.79,0.16,2.24,0.45,0,0,0.56,0.19,0.14,0.61,0.26,0,0.71,0.96,0.08,0,0,0,0,0,0.24,0,0.13,0,0.02,0,0,0,0.09,0,0,0.05,0,0,0,0.02,0.04
2016-02,24.54,16.37,27.17,1.44,12.7,0.15,3.62,0,2.58,2.01,2.72,0.19,2.27,0.47,0,0,0.58,0.21,0.15,0.61,0.25,0,0.69,0.66,0.09,0,0,0,0,0,0.22,0,0.12,0,0.02,0,0,0,0.08,0,0,0.05,0,0,0,0.02,0.04
2016-03,27.52,15.46,23.84,2.22,12.34,0.19,3.81,0,2.66,2.12,2.9,0.19,2.25,0.48,0,0,0.82,0.23,0.25,0.58,0.23,0,0.65,0.65,0.09,0,0,0,0,0,0.19,0,0.11,0,0.01,0,0,0,0.08,0,0,0.05,0,0,0,0.02,0.04
2016-04,27.31,15.21,24.25,2.26,12,0.19,4.13,0,2.77,2.21,2.78,0.17,2.24,0.49,0,0,0.85,0.26,0.28,0.58,0.22,0,0.61,0.63,0.09,0,0,0,0,0,0.2,0,0.1,0,0.01,0,0,0,0.07,0,0,0.05,0,0,0,0.02,0.04
2016-05,27.57,14.19,24.87,2.25,11.83,0.18,4.26,0,2.73,2.26,2.73,0.17,2.25,0.48,0,0,0.84,0.29,0.28,0.57,0.2,0,0.59,0.92,0.09,0,0,0,0,0,0.2,0,0.09,0,0.01,0,0,0,0.07,0,0,0.04,0,0,0,0.02,0.04
2016-06,27.19,13.96,24.69,2.23,11.34,0.16,4.31,0,3,2.81,2.61,0.15,2.22,0.49,0,0,0.9,0.26,0.34,0.59,0.17,0,0.57,1.39,0.08,0,0,0,0,0,0.24,0,0.09,0,0.01,0,0,0,0.06,0,0,0.05,0,0,0,0.02,0.04
2016-07,27.05,13.7,26.16,2.25,10.8,0.15,4.51,0,3.13,3,2.46,0.14,2.27,0.49,0,0,0.91,0.27,0.37,0.58,0.15,0,0.5,0.57,0.08,0,0,0,0,0,0.22,0,0.08,0,0.01,0,0,0,0.05,0,0,0.04,0,0,0,0.02,0.04
2016-08,26.21,13.54,28.13,2.06,10.45,0.14,4.46,0,3.04,2.9,2.24,0.13,2.19,0.45,0,0,0.84,0.29,0.34,0.55,0.13,0,0.48,0.93,0.07,0,0,0,0,0,0.21,0,0.08,0,0.01,0,0,0,0.05,0,0,0.04,0,0,0,0.01,0.05
2016-09,26.85,11.62,30.13,2.13,10.27,0.14,4.95,0,3.05,2.63,2.17,0.13,2.16,0.45,0,0,0.86,0.39,0.31,0.54,0.13,0,0.44,0.21,0.08,0,0,0,0,0,0.16,0,0.07,0,0.01,0,0,0,0.03,0,0,0.03,0,0,0,0.02,0.03
2016-10,26.79,9.26,28.33,3.6,9.09,1.07,6.31,0,3.3,2.4,1.88,0.59,2.06,0.44,0,0,1.12,0.58,0.34,0.53,0.1,0.2,0.36,0.2,0.29,0,0.32,0.47,0,0,0.12,0,0.06,0,0.01,0,0,0,0.04,0,0,0.03,0,0,0,0.02,0.08
2016-11,27.41,8.25,19.91,5.43,8.79,2.81,6.62,0,3.01,2.16,1.8,2.48,1.85,0.54,0,0,1.28,1.26,0.36,0.48,0.12,1.36,0.33,0.25,0.75,0.3,0.74,1.06,0,0,0.12,0,0.05,0,0.05,0,0.24,0,0.03,0,0,0.02,0,0,0,0.02,0.07
2016-12,27.48,7.66,17.25,5.82,8.64,3.12,6.67,0,2.96,2.33,1.81,2.89,1.84,0.66,0,0,1.23,1.63,0.37,0.48,0.39,1.89,0.3,0.25,0.77,0.73,0.72,1.03,0,0.01,0.12,0.05,0.05,0,0.2,0.02,0.32,0.14,0.02,0,0,0.02,0,0,0,0.02,0.1
2017-01,27.18,7.74,15.68,5.9,8.21,3.56,6.76,0,2.91,2.31,1.7,3.48,1.75,0.69,0,0,1.21,1.73,0.38,0.47,0.77,2.2,0.27,0.24,0.83,0.91,0.7,0.99,0,0.07,0.11,0.11,0.05,0,0.26,0.04,0.33,0.27,0.02,0,0,0.02,0,0,0,0.02,0.12
2017-02,26.46,7.11,14.68,6.28,7.72,3.97,7.18,0.02,3.07,2.39,1.59,3.96,1.71,0.76,0,0,1.3,1.77,0.43,0.47,0.93,2.32,0.21,0.24,0.93,0.94,0.72,1,0,0.1,0.1,0.36,0.05,0,0.31,0.07,0.32,0.3,0.02,0,0,0.02,0,0,0,0.02,0.16
2017-03,25.88,6.41,15.18,6.76,7.43,4.27,7.07,0.14,3.08,2.56,1.52,4.21,1.7,0.78,0,0,1.28,1.77,0.47,0.47,0.94,2.2,0.2,0.24,0.91,0.92,0.71,0.92,0,0.11,0.1,0.42,0.06,0,0.29,0.12,0.29,0.31,0.03,0,0,0.02,0,0,0,0.02,0.21
2017-04,25.44,5.9,14.68,7.53,7.14,4.5,7.12,0.53,3.4,2.72,1.47,4.26,1.71,0.83,0,0,1.31,1.76,0.57,0.48,0.93,2.06,0.18,0.25,0.9,0.85,0.71,0.79,0,0.13,0.09,0.41,0.06,0,0.28,0.15,0.27,0.28,0.04,0,0,0.02,0,0,0,0.02,0.22
2017-05,25.53,5.88,14.05,8.07,6.79,4.93,6.92,1.08,3.31,2.63,1.37,4.39,1.63,0.84,0,0,1.27,1.83,0.55,0.47,0.93,2.09,0.16,0.23,0.88,0.82,0.69,0.74,0,0.14,0.09,0.4,0.06,0,0.25,0.16,0.26,0.27,0.04,0,0,0.02,0,0,0,0.02,0.2
2017-06,25.15,5.66,13.98,8.64,6.49,5.36,6.81,1.62,3.16,2.64,1.27,4.39,1.52,0.85,0,0,1.23,1.86,0.49,0.45,0.97,2.04,0.14,0.21,0.88,0.82,0.66,0.71,0,0.22,0.08,0.43,0.06,0,0.24,0.18,0.24,0.28,0.04,0,0,0.02,0,0,0,0.02,0.2
2017-07,24.88,5.4,13.77,9.4,6.07,5.64,6.85,2.11,3.28,2.61,1.2,4.29,1.46,0.93,0,0,1.23,1.84,0.47,0.44,0.95,1.88,0.13,0.2,0.9,0.77,0.65,0.63,0,0.26,0.07,0.42,0.06,0,0.24,0.19,0.22,0.28,0.04,0,0,0.01,0,0,0,0.02,0.2
2017-08,24.59,5.14,12.87,10.19,5.76,5.87,6.84,2.55,3.69,2.88,1.16,4.2,1.39,0.99,0,0,1.25,1.83,0.52,0.44,0.94,1.74,0.11,0.19,0.9,0.74,0.64,0.56,0,0.3,0.07,0.41,0.06,0.01,0.23,0.19,0.21,0.27,0.04,0,0,0.01,0,0,0,0.02,0.19
2017-09,24.83,5.02,13.73,9.96,5.72,5.94,6.46,2.68,3.74,3.12,1.12,3.92,1.36,0.99,0,0,1.17,1.71,0.55,0.43,0.92,1.61,0.13,0.18,0.84,0.71,0.58,0.53,0.02,0.32,0.07,0.4,0.06,0.02,0.22,0.21,0.21,0.26,0.04,0,0,0.01,0,0,0,0.02,0.18
2017-10,25.09,4.84,13.32,10.75,5.31,5.97,6.26,3.03,3.87,3.49,1.06,3.64,1.27,1,0,0,1.12,1.62,0.71,0.43,0.87,1.43,0.14,0.17,0.8,0.66,0.55,0.48,0.06,0.33,0.06,0.4,0.05,0.07,0.23,0.24,0.21,0.23,0.04,0,0,0.01,0,0,0,0.02,0.17
2017-11,24.77,4.3,13.52,11.34,5.09,5.95,6.37,3.33,4.14,3.32,1.05,3.44,1.23,1.07,0,0,1.17,1.56,0.69,0.45,0.87,1.33,0.13,0.16,0.82,0.67,0.54,0.46,0.08,0.33,0.06,0.42,0.05,0.1,0.24,0.27,0.19,0.23,0.05,0,0,0.01,0,0,0,0.02,0.18
2017-12,24.71,4.49,13.9,11.33,5.09,5.67,6.37,3.47,4.21,3.17,1.06,3.31,1.23,1.09,0,0,1.18,1.5,0.54,0.46,0.9,1.24,0.13,0.16,0.83,0.67,0.53,0.43,0.12,0.35,0.06,0.43,0.05,0.12,0.25,0.29,0.18,0.22,0.05,0,0,0.01,0,0,0,0.02,0.19
2018-01,24.54,4.68,14.06,11.46,5.1,5.76,6.08,3.76,4.16,3.07,1.04,3.24,1.19,1.1,0,0,1.14,1.55,0.42,0.46,0.91,1.19,0.13,0.16,0.78,0.67,0.51,0.42,0.14,0.38,0.06,0.43,0.05,0.13,0.24,0.31,0.18,0.22,0.05,0,0,0.01,0,0,0,0.02,0.2
2018-02,24.67,3.78,13.54,12.58,4.73,5.79,6.19,4.11,4.33,3.14,0.96,3.22,1.16,1.16,0,0,1.15,1.58,0.36,0.47,0.88,1.16,0.12,0.17,0.8,0.66,0.55,0.38,0.14,0.37,0.05,0.42,0.04,0.14,0.23,0.28,0.18,0.22,0.05,0,0,0.01,0,0,0,0.02,0.18
2018-03,24.85,3.43,15.07,12.3,4.62,5.62,5.89,4.16,4.15,3.34,0.89,3.09,1.13,1.1,0,0,1.04,1.57,0.36,0.47,0.84,1.14,0.12,0.17,0.81,0.64,0.52,0.36,0.15,0.39,0.05,0.43,0.05,0.13,0.2,0.29,0.18,0.22,0.05,0,0,0.01,0,0,0,0.02,0.18
2018-04,24.64,3.53,13.75,14.47,4.47,6.24,5.34,4.42,3.79,2.81,0.8,3.03,1.03,1.39,0,0,0.93,1.55,0.33,0.45,0.85,1.06,0.13,0.15,0.65,0.65,0.47,0.33,0.29,0.48,0.04,0.45,0.04,0.15,0.22,0.3,0.17,0.21,0.04,0.09,0,0.01,0,0,0.04,0.02,0.16
2018-05,24.1,2.73,11.65,16.55,4.16,6.62,5.37,4.91,3.87,2.65,0.76,3.04,0.96,1.74,0,0,0.96,1.59,0.33,0.43,1.1,1.01,0.12,0.14,0.67,0.66,0.47,0.31,0.38,0.6,0.03,0.46,0.04,0.19,0.27,0.31,0.16,0.21,0.05,0.15,0,0.01,0,0,0.06,0.02,0.17
2018-06,23.84,2.54,10.58,17.9,3.69,6.78,5.25,5.3,3.92,2.9,0.73,2.88,0.93,1.97,0,0,1,1.5,0.31,0.43,1.28,0.91,0.11,0.14,0.64,0.62,0.46,0.27,0.4,0.67,0.04,0.4,0.04,0.21,0.28,0.3,0.15,0.19,0.05,0.15,0,0.01,0,0,0.06,0.02,0.18
2018-07,23.81,2.34,9.76,19.18,3.3,7.07,5.03,5.83,3.82,2.87,0.69,2.84,0.86,2.08,0,0,1.01,1.45,0.33,0.42,1.28,0.85,0.1,0.13,0.59,0.6,0.44,0.25,0.41,0.66,0.03,0.37,0.03,0.21,0.27,0.28,0.15,0.18,0.05,0.16,0,0.01,0,0,0.06,0.02,0.16
2018-08,23.58,2.14,10.06,20.2,2.86,7.28,4.54,6.27,3.57,3.08,0.6,2.79,0.77,2.09,0,0,1.01,1.37,0.62,0.38,1.17,0.82,0.09,0.13,0.53,0.55,0.42,0.24,0.43,0.59,0.03,0.32,0.03,0.2,0.25,0.25,0.14,0.16,0.04,0.16,0,0.01,0,0,0.06,0.02,0.15
2018-09,24.27,2.01,8.11,20.44,2.74,7.79,4.53,6.69,3.58,2.96,0.57,2.74,0.74,2.48,0,0,1.08,1.33,0.89,0.39,1.17,0.78,0.09,0.12,0.53,0.53,0.41,0.23,0.41,0.57,0.03,0.33,0.03,0.22,0.25,0.23,0.14,0.15,0.04,0.15,0,0.01,0,0,0.06,0.02,0.16
2018-10,24.04,2.14,8.83,20.39,2.79,7.51,4.38,7.04,3.6,2.97,0.53,2.58,0.68,2.48,0,0,1.09,1.24,0.92,0.38,1.18,0.71,0.1,0.12,0.49,0.5,0.37,0.22,0.4,0.6,0.02,0.33,0.03,0.21,0.24,0.23,0.12,0.14,0.04,0.16,0,0.01,0,0,0.06,0.01,0.15
2018-11,24.02,2.08,9.05,20.5,2.76,7.88,4.2,8.21,3.41,2.91,0.43,2.28,0.61,2.23,0,0,0.97,1.14,0.67,0.35,1.27,0.64,0.11,0.11,0.44,0.46,0.27,0.2,0.44,0.65,0.02,0.33,0.03,0.19,0.21,0.24,0.11,0.13,0.03,0.17,0.01,0.01,0,0,0.05,0.01,0.13
2018-12,24.16,2.07,7.76,21.9,2.59,8.92,4,8.14,3.3,2.64,0.37,1.96,0.55,2.41,0,0,1.06,1.02,1.05,0.33,1.21,0.55,0.11,0.11,0.4,0.42,0.23,0.18,0.44,0.59,0.02,0.29,0.02,0.18,0.18,0.22,0.09,0.12,0.03,0.15,0.03,0,0,0,0.05,0.01,0.11
2019-01,24.44,2.14,8.53,21.43,2.53,9.07,3.69,8.42,3.08,2.74,0.34,1.85,0.52,2.32,0,0,0.99,0.96,1.09,0.31,1.23,0.5,0.11,0.11,0.36,0.39,0.2,0.17,0.45,0.6,0.02,0.28,0.02,0.17,0.16,0.21,0.09,0.11,0.02,0.16,0.04,0,0,0,0.05,0.01,0.1
2019-02,24.18,2.2,8.21,21.78,2.38,9.27,3.63,8.77,3.08,2.81,0.33,1.78,0.51,2.39,0,0,0.99,0.93,1.13,0.3,1.2,0.47,0.11,0.11,0.34,0.38,0.19,0.15,0.43,0.56,0.02,0.26,0.02,0.16,0.15,0.2,0.09,0.1,0.02,0.16,0.05,0.01,0,0,0.05,0.01,0.1
2019-03,23.86,2.21,7.24,21.78,2.19,9.65,3.49,8.18,3.11,2.81,0.41,2.15,0.49,2.74,0.11,0,1.34,1.03,1.32,0.31,1.21,0.52,0.1,0.12,0.35,0.41,0.28,0.16,0.42,0.53,0.02,0.25,0.02,0.2,0.18,0.18,0.1,0.1,0.03,0.15,0.08,0.01,0,0,0.07,0.01,0.12
2019-04,23.61,2.16,7.63,21.83,2.1,9.62,3.4,8.33,3.09,2.83,0.39,2.09,0.46,2.76,0.13,0,1.4,0.98,1.46,0.32,1.2,0.48,0.1,0.12,0.33,0.39,0.27,0.14,0.41,0.53,0.02,0.23,0.02,0.19,0.16,0.17,0.09,0.09,0.03,0.14,0.09,0.01,0,0,0.06,0.01,0.11
2019-05,22.81,2.11,8.45,22.34,1.96,9.64,3.2,8.75,3,2.75,0.35,2,0.42,2.73,0.16,0,1.44,0.94,1.48,0.3,1.14,0.45,0.09,0.16,0.31,0.37,0.26,0.13,0.4,0.5,0.02,0.21,0.02,0.19,0.16,0.16,0.09,0.09,0.02,0.13,0.1,0.01,0,0,0.06,0.01,0.1
2019-06,22.36,2.06,9.33,22.19,1.87,9.61,3.07,9.21,2.93,2.71,0.32,1.95,0.37,2.73,0.18,0,1.47,0.91,1.42,0.28,1.14,0.42,0.08,0.12,0.29,0.36,0.24,0.13,0.41,0.5,0.01,0.2,0.02,0.2,0.15,0.15,0.09,0.09,0.02,0.13,0.11,0.01,0,0,0.06,0.01,0.1
2019-07,22.16,2.03,10.23,21.85,1.69,9.59,2.91,9.9,2.84,2.65,0.29,1.88,0.34,2.72,0.19,0,1.44,0.85,1.36,0.26,1.09,0.39,0.08,0.12,0.27,0.34,0.23,0.11,0.42,0.49,0.01,0.19,0.02,0.19,0.15,0.14,0.09,0.08,0.02,0.13,0.12,0.01,0,0,0.06,0.01,0.09
2019-08,23.51,1.92,6.12,23.29,1.54,9.8,2.7,10.39,2.67,2.65,0.27,1.79,0.31,2.72,1.1,0,1.38,0.78,1.37,0.24,1.05,0.34,0.08,0.12,0.25,0.31,0.21,0.1,0.61,0.49,0.01,0.19,0.01,0.18,0.13,0.13,0.08,0.07,0.02,0.11,0.2,0.01,0.57,0,0.05,0.01,0.12
2019-09,23.71,1.89,4.13,24.05,1.44,9.81,2.56,10.71,2.62,2.62,0.24,1.74,0.29,2.83,1.94,0,1.35,0.74,1.6,0.24,1,0.31,0.07,0.11,0.24,0.28,0.2,0.09,0.63,0.51,0.01,0.18,0.01,0.2,0.13,0.11,0.07,0.07,0.02,0.11,0.2,0.01,0.77,0,0.05,0.01,0.12
2019-10,22.65,1.89,4.86,24.34,1.41,9.8,2.35,11.34,2.42,2.28,0.22,1.55,0.26,2.74,2.45,0,1.25,0.67,1.74,0.23,1.03,0.28,0.07,0.12,0.23,0.26,0.18,0.07,0.63,0.54,0.01,0.16,0.01,0.21,0.12,0.1,0.07,0.06,0.02,0.1,0.21,0.01,0.92,0,0.05,0.01,0.11
2019-11,21.82,1.85,5.17,24.12,1.17,10.56,2.21,11.98,2.34,2.5,0.2,1.45,0.24,2.71,3.31,0,1.23,0.61,1.79,0.22,0.88,0.24,0.06,0.12,0.19,0.23,0.17,0.06,0.67,0.52,0.01,0.14,0.01,0.2,0.1,0.09,0.06,0.05,0.02,0.09,0.19,0,0.18,0.06,0.05,0.01,0.12
2019-12,21.82,1.83,4.2,24.27,1,10.98,2.11,12.33,2.33,2.61,0.19,1.36,0.21,2.69,3.87,0,1.27,0.58,1.93,0.22,0.77,0.22,0.05,0.11,0.18,0.21,0.16,0.05,0.7,0.49,0.01,0.13,0.01,0.29,0.1,0.08,0.06,0.05,0.01,0.08,0.17,0,0,0.08,0.05,0.02,0.12
2020-01,21.38,1.82,2.52,25.42,0.92,11.19,2.07,12.4,2.35,2.86,0.19,1.3,0.2,2.72,4.34,0,1.27,0.53,2.25,0.22,0.68,0.2,0.04,0.13,0.17,0.2,0.15,0.05,0.74,0.44,0.01,0.11,0.01,0.39,0.09,0.07,0.05,0.04,0.01,0.07,0.14,0,0,0.07,0.05,0.03,0.11
2020-02,20.95,1.75,2.81,25.5,0.86,10.96,2,12.4,2.32,3.12,0.18,1.21,0.19,2.69,4.69,0,1.28,0.5,2.5,0.22,0.62,0.18,0.04,0.14,0.15,0.18,0.15,0.04,0.72,0.42,0.01,0.1,0.01,0.41,0.08,0.06,0.05,0.04,0.01,0.07,0.13,0,0,0.07,0.05,0.03,0.12
2020-03,20.79,1.6,3.51,25.33,0.86,10.95,1.9,12.39,2.22,3.18,0.18,1.2,0.18,2.58,4.8,0,1.22,0.48,2.56,0.22,0.62,0.17,0.04,0.13,0.14,0.18,0.14,0.05,0.76,0.44,0.01,0.1,0.01,0.41,0.08,0.06,0.04,0.04,0.01,0.06,0.13,0,0,0.06,0.04,0.03,0.12
2020-04,21.09,1.69,2.03,25.65,0.76,11.09,1.97,12.67,2.32,3.35,0.19,1.17,0.19,2.72,4.81,0,1.28,0.44,2.81,0.22,0.56,0.15,0.03,0.14,0.14,0.17,0.13,0.04,0.69,0.37,0.01,0.08,0.01,0.41,0.08,0.05,0.04,0.03,0.01,0.05,0.1,0,0,0.06,0.04,0.03,0.12
2020-05,20.9,1.67,2.49,25.91,0.73,11.1,2.03,12.5,2.28,3.53,0.17,1.16,0.17,2.55,4.83,0,1.23,0.44,2.69,0.22,0.54,0.15,0.03,0.14,0.12,0.16,0.13,0.04,0.67,0.35,0.01,0.08,0.01,0.4,0.07,0.04,0.04,0.03,0.01,0.05,0.1,0.01,0,0.06,0.04,0.03,0.11
2020-06,21.13,1.66,2.02,26.02,0.73,11.16,2.02,12.89,2.19,3.54,0.16,1.13,0.17,2.48,4.87,0,1.19,0.43,2.63,0.22,0.52,0.14,0.03,0.14,0.11,0.16,0.12,0.04,0.68,0.35,0.01,0.07,0.01,0.4,0.06,0.04,0.04,0.03,0.01,0.05,0.1,0.01,0,0.05,0.04,0.03,0.11
2020-07,20.68,1.6,1.92,26.1,0.71,11.33,1.92,13.74,2.12,3.35,0.14,1.08,0.15,2.51,4.98,0,1.16,0.39,2.49,0.21,0.51,0.14,0.03,0.19,0.11,0.14,0.12,0.03,0.73,0.37,0.01,0.06,0.01,0.4,0.06,0.04,0.04,0.03,0.01,0.04,0.1,0.01,0,0.06,0.04,0.03,0.1
2020-08,20.83,1.55,1.87,26.31,0.67,11.34,1.85,13.75,2.05,3.3,0.13,1.03,0.14,2.4,5.28,0,1.12,0.36,2.56,0.19,0.47,0.13,0.03,0.19,0.1,0.14,0.11,0.03,0.71,0.37,0.01,0.06,0.01,0.4,0.05,0.03,0.04,0.03,0.01,0.04,0.09,0.01,0,0.06,0.04,0.03,0.1
2020-09,21.5,1.5,1.4,26.42,0.6,11.16,1.74,13.29,2.01,3.24,0.12,0.96,0.13,2.31,5.98,0,1.07,0.32,2.79,0.18,0.42,0.12,0.03,0.17,0.09,0.12,0.11,0.03,0.78,0.4,0,0.05,0.01,0.49,0.05,0.03,0.03,0.03,0.01,0.04,0.08,0.01,0,0.06,0.03,0.02,0.09
2020-10,21.34,1.46,2.45,27.9,0.58,11.19,1.7,10.17,1.98,3.19,0.12,0.92,0.12,2.26,6.83,0.04,1.08,0.32,2.83,0.19,0.41,0.11,0.02,0.16,0.09,0.12,0.1,0.03,0.8,0.4,0,0.05,0.01,0.55,0.05,0.03,0.03,0.02,0.01,0.04,0.08,0.01,0,0.05,0.03,0.02,0.09
2020-11,23.06,1.5,6.5,30.11,0.6,11.42,1.68,0,2.02,3.34,0.12,0.82,0.12,2.32,8.1,0.16,1.09,0.32,2.92,0.22,0.43,0.1,0.02,0.17,0.08,0.12,0.1,0.03,0.89,0.43,0,0.05,0.01,0.68,0.05,0.03,0.03,0.02,0.01,0.04,0.09,0.01,0,0.06,0.03,0.02,0.09
2020-12,20.1,1.25,1.55,27.23,0.51,11,1.37,0,1.69,2.69,0.09,0.7,0.09,1.97,8.66,13.62,0.91,0.26,2.46,0.19,0.44,0.09,0.02,0.14,0.07,0.1,0.08,0.02,1.13,0.41,0,0.04,0.01,0.64,0.04,0.02,0.03,0.01,0.01,0.03,0.07,0,0,0.13,0.03,0.02,0.07
2021-01,19.8,1.2,1.39,27.1,0.48,11.16,1.29,0,1.63,2.73,0.09,0.68,0.09,1.91,8.91,14.04,0.87,0.24,2.51,0.19,0.5,0.07,0.02,0.14,0.06,0.09,0.07,0.02,1.17,0.4,0,0.04,0,0.65,0.04,0.02,0.03,0.01,0.01,0.03,0.07,0,0,0.16,0.03,0.01,0.07
2021-02,19.38,1.15,1.75,27.39,0.46,11.19,1.18,0,1.57,2.74,0.08,0.66,0.08,1.86,9.26,13.96,0.84,0.23,2.42,0.18,0.49,0.07,0.02,0.13,0.06,0.09,0.07,0.02,1.12,0.37,0,0.04,0,0.65,0.03,0.02,0.02,0.01,0.01,0.03,0.06,0,0,0.17,0.03,0.01,0.07
2021-03,19.4,1.13,1.98,27.25,0.46,11.16,1.13,0,1.54,2.85,0.08,0.65,0.08,1.8,9.17,14.05,0.79,0.22,2.45,0.18,0.5,0.07,0.02,0.13,0.06,0.09,0.07,0.02,1.14,0.39,0,0.04,0,0.62,0.03,0.02,0.02,0.01,0.01,0.03,0.07,0,0,0.18,0.03,0.01,0.07
2021-04,19.64,1.12,2.38,26.84,0.45,11.07,1.15,0,1.54,2.97,0.08,0.65,0.08,1.75,8.98,14.01,0.77,0.21,2.59,0.18,0.5,0.07,0.02,0.13,0.05,0.08,0.06,0.02,1.13,0.38,0,0.04,0.01,0.58,0.03,0.02,0.02,0.01,0.01,0.03,0.06,0,0,0.18,0.02,0.01,0.07
2021-05,19.72,1.09,2.58,26.51,0.4,11.18,1.13,0,1.51,3.02,0.08,0.62,0.08,1.72,8.96,14.2,0.74,0.19,2.67,0.18,0.48,0.06,0.02,0.13,0.05,0.07,0.06,0.02,1.11,0.36,0,0.03,0.01,0.57,0.03,0.02,0.02,0.01,0.01,0.02,0.06,0,0,0.18,0.02,0.01,0.07
2021-06,19.54,1.06,2.65,26.78,0.38,11.17,1.1,0,1.5,3.01,0.08,0.6,0.08,1.72,9.18,14.12,0.71,0.18,2.65,0.17,0.46,0.06,0.01,0.13,0.04,0.07,0.06,0.02,1.09,0.35,0,0.03,0.01,0.57,0.03,0.01,0.02,0.01,0.01,0.02,0.06,0,0,0.19,0.02,0.01,0.06
2021-07,19,1.02,2.78,27.28,0.33,11.18,1.05,0,1.48,3,0.07,0.57,0.07,1.65,9.62,14.06,0.68,0.17,2.55,0.17,0.42,0.05,0.01,0.13,0.04,0.06,0.06,0.01,1.11,0.36,0,0.02,0,0.6,0.02,0.01,0.02,0.01,0.01,0.02,0.05,0,0,0.19,0.02,0.01,0.06
2021-08,18.24,0.94,1.6,27.63,0.28,11.46,0.94,0,1.4,2.95,0.06,0.5,0.06,1.5,10.35,14.93,0.63,0.17,2.71,0.17,0.37,0.04,0.01,0.12,0.03,0.05,0.05,0.01,1.16,0.47,0,0.02,0,0.78,0.02,0.01,0.02,0.01,0,0.01,0.04,0,0,0.16,0.02,0.01,0.05
2021-09,18.07,0.91,1.6,27.62,0.26,11.71,0.89,0,1.37,3.06,0.06,0.47,0.05,1.46,10.41,14.95,0.59,0.16,2.7,0.17,0.36,0.04,0.01,0.12,0.03,0.05,0.04,0.01,1.16,0.46,0,0.02,0,0.83,0.02,0.01,0.01,0.01,0,0.01,0.04,0,0,0.16,0.02,0.01,0.06
2021-10,17.48,0.86,1.35,27.77,0.24,11.49,0.81,0,1.35,3.16,0.05,0.43,0.05,1.37,12.14,14.51,0.56,0.14,2.67,0.16,0.34,0.03,0.01,0.13,0.03,0.04,0.04,0.01,1.12,0.43,0,0.02,0,0.88,0.01,0.01,0.01,0,0,0.01,0.03,0,0,0.16,0.01,0.01,0.05
